101695162,0,0,0,2.021604938271605,0.0154320987654321,238,271,0
108484186,0,0,0,3.6574074074074074,0.046296296296296294,313,377,0
108376607,0,0,0,10.046296296296296,0.1697530864197531,710,500,0
111533846,0,0,0,3.333333333333333,0.07716049382716049,367,461,0
113800818,0,0,0,2.1141975308641974,0.09259259259259259,255,291,0
82630959,0,0,0,1.373456790123457,0,246,241,1
89251386,0,0,0,9.1820987654321,0.18518518518518517,617,499,1
89268488,0,0,0,0.8641975308641976,0.0154320987654321,194,221,1
89249333,0,0,0,3.0864197530864197,0.0154320987654321,285,288,1
93616251,0,0,0,6.589506172839506,0.1388888888888889,528,500,1
82630959,0,0,0,4.275184275184276,0.05896805896805897,392,459,1
89251386,0,0,0,4.098280098280098,0.029484029484029485,400,427,1
89268488,0,0,0,0.6486486486486487,0.08845208845208845,238,306,1
89249333,0,0,0,2.7420147420147423,0.05896805896805897,282,238,1
93616251,0,0,0,7.9606879606879595,0.41277641277641275,672,748,1
101695162,0,0,0,0.5896805896805897,0.029484029484029485,118,149,0
108484186,0,0,0,3.154791154791155,0,228,334,0
108376607,0,0,0,6.191646191646191,0.029484029484029485,366,448,0
111533846,0,0,0,3.5085995085995085,0.029484029484029485,258,314,0
113800818,0,0,0,0.7076167076167076,0.05896805896805897,119,151,0
75750590,0,0,0,3.9876923076923076,0.11076923076923077,320,455,0
86808334,0,0,0,0.96,0.11076923076923077,182,197,0
52341014,0,0,0,3.396923076923077,0.11076923076923077,313,321,0
94049589,0,0,0,1.8092307692307692,0.07384615384615385,185,186,0
90229954,0,0,0,3.8030769230769232,0.11076923076923077,346,323,0
74155633,0,0,0,3.36,0.36923076923076925,504,583,1
32032994,0,0,0,4.763076923076923,0.3323076923076923,615,446,1
4945631,0,0,0,1.1076923076923078,0.18461538461538463,326,354,1
86736858,0,0,0,0.5538461538461539,0.11076923076923077,297,342,1
86714927,0,0,0,3.5815384615384613,0.11076923076923077,423,467,1
89137399,0,0,0,3.699002719854941,0.05439709882139619,363,357,1
89269794,0,0,0,3.372620126926564,0.16319129646418856,452,446,1
87201671,0,0,0,4.351767905711696,0.43517679057116954,524,539,1
86750262,0,0,0,5.439709882139619,0.3263825929283771,526,499,1
86723143,0,0,0,1.414324569356301,0.21758839528558477,345,428,1
91457865,0,0,0,2.6654578422484136,0.16319129646418856,275,362,0
92000166,0,0,0,0.8159564823209429,0.10879419764279238,167,170,0
44197689,0,0,0,3.807796917497734,0,246,251,0
92787369,0,0,0,1.3599274705349047,0.05439709882139619,175,135,0
23762505,0,0,0,4.242973708068903,0.05439709882139619,373,341,0
101695162,0,0,0,1.0351966873706004,0.10351966873706003,193,269,0
108376607,0,0,0,7.060041407867495,0.20703933747412007,482,562,0
108484186,0,0,0,3.4161490683229814,0.10351966873706003,333,493,0
111533846,0,0,0,3.933747412008281,0.12422360248447206,306,399,0
113800818,0,0,0,1.5113871635610765,0.16563146997929606,223,259,0
82327674,0,0,0,1.6149068322981368,0.06211180124223603,286,272,1
90137663,0,0,0,6.9151138716356115,0.2277432712215321,686,672,1
88585077,0,0,0,3.1677018633540373,0.12422360248447206,355,426,1
90045009,0,0,0,1.6977225672877845,0.10351966873706003,385,440,1
88553213,0,0,0,0.5383022774327122,0.08281573498964803,242,285,1
82327674,0,0,0,1.4271255060728745,0.15182186234817813,308,344,1
90137663,0,0,0,5.8603238866396765,0.12145748987854252,552,491,1
88585077,0,0,0,2.5506072874493926,0.18218623481781376,348,370,1
90045009,0,0,0,4.493927125506072,0.18218623481781376,422,412,1
88553213,0,0,0,1.3967611336032388,0.09109311740890688,286,323,1
101695162,0,0,0,0.4554655870445344,0,105,129,0
108376607,0,0,0,4.767206477732794,0,299,365,0
108484186,0,0,0,2.7327935222672064,0.03036437246963563,229,252,0
111533846,0,0,0,3.4919028340080973,0.09109311740890688,268,300,0
113800818,0,0,0,1.3360323886639676,0.12145748987854252,198,313,0
88508515,0,0,0,6.166585484656601,0.40915733073550903,725,679,1
89157606,0,0,0,3.7993180711154406,0.05845104724792986,402,441,1
102787324,0,0,0,2.6302971261568437,0.05845104724792986,351,365,1
100883708,0,0,0,2.5426205552849486,0.14612761811982464,343,365,1
100349317,0,0,0,0.5552849488553336,0.23380418899171945,299,370,1
82630959,0,0,0,4.15002435460302,0.08767657087189479,294,346,0
89268488,0,0,0,1.2566975158304918,0.05845104724792986,166,176,0
89251386,0,0,0,2.045786653677545,0.08767657087189479,210,228,0
89249333,0,0,0,2.1919142717973696,0.02922552362396493,190,221,0
93616251,0,0,0,3.156356551388212,0.08767657087189479,262,310,0
82630959,0,0,0,3.7145110410094637,0.02365930599369085,257,288,0
89268488,0,0,0,2.862776025236593,0.02365930599369085,215,202,0
89251386,0,0,0,5.820189274447949,0.14195583596214512,396,532,0
93616251,0,0,0,4.755520504731861,0.02365930599369085,330,314,0
89249333,0,0,0,1.2539432176656151,0.02365930599369085,151,165,0
88508515,0,0,0,6.458990536277602,0.07097791798107256,544,517,1
89157606,0,0,0,8.304416403785488,0.21293375394321767,642,739,1
100883708,0,0,0,1.3958990536277602,0.11829652996845424,266,238,1
100349317,0,0,0,3.312302839116719,0.0473186119873817,354,365,1
102787324,0,0,0,2.649842271293376,0.02365930599369085,290,330,1
41470731,0,0,0,3.2776349614395888,0.15424164524421594,414,420,1
1185644,0,0,0,4.93573264781491,0.15424164524421594,565,499,1
67601693,0,0,0,4.3573264781491,0.2699228791773779,525,451,1
30237211,0,0,0,3.1619537275064267,0.23136246786632392,440,501,1
86715129,0,0,0,2.0822622107969155,0.038560411311053984,334,300,1
74155633,0,0,0,2.814910025706941,0,240,259,0
32032994,0,0,0,5.552699228791774,0.15424164524421594,390,348,0
4945631,0,0,0,0.9254498714652957,0,143,155,0
86736858,0,0,0,0.4241645244215938,0.038560411311053984,129,131,0
86714927,0,0,0,3.007712082262211,0,224,252,0
87197791,0,0,0,5.655229433650268,0.07441091360066143,383,479,0
6922000,0,0,0,1.6370400992145515,0.1240181893344357,216,291,0
32895399,0,0,0,1.9594873914840845,0.07441091360066143,217,246,0
86895585,0,0,0,2.0338983050847457,0.049607275733774284,220,213,0
20321748,0,0,0,5.90326581231914,0.2480363786688714,461,589,0
86861882,0,0,0,1.9842910293509712,0.07441091360066143,294,296,1
5448108,0,0,0,5.630425795783381,0.19842910293509713,569,687,1
40547474,0,0,0,9.326167837949566,0.14882182720132286,719,616,1
38515149,0,0,0,2.2075237701529558,0.27284001653575857,468,475,1
87276347,0,0,0,0.9177346010748243,0.07441091360066143,327,341,1
18711079,0,0,0,4.685314685314686,0.3496503496503497,520,647,1
293763,0,0,0,2.342657342657343,0.06993006993006994,334,326,1
91369682,0,0,0,2.937062937062937,0.1048951048951049,362,429,1
86714306,0,0,0,1.013986013986014,0.3496503496503497,332,341,1
86739706,0,0,0,5.944055944055944,0.3496503496503497,772,692,1
93712171,0,0,0,0.7692307692307692,0.03496503496503497,156,196,0
91931211,0,0,0,1.4685314685314685,0.1048951048951049,196,228,0
86840554,0,0,0,4.230769230769231,0.06993006993006994,311,342,0
92926005,0,0,0,1.8181818181818183,0.1048951048951049,215,226,0
26316691,0,0,0,3.3216783216783217,0.03496503496503497,266,337,0
91698091,0,0,0,4.054054054054054,0,234,306,1
89399750,0,0,0,1.3899613899613898,0.03861003861003861,141,137,1
90882159,0,0,0,2.7027027027027026,0.03861003861003861,210,237,1
90892734,0,0,0,4.517374517374518,0,271,334,1
89407113,0,0,0,1.1583011583011582,0.03861003861003861,130,160,1
98887913,0,0,0,5.637065637065637,0.11583011583011583,480,439,0
98837977,0,0,0,4.362934362934363,0.15444015444015444,405,481,0
89371588,0,0,0,1.8918918918918917,0.15444015444015444,322,260,0
114239371,0,0,0,0.7335907335907336,0.15444015444015444,286,251,0
98878010,0,0,0,2.9343629343629343,0.07722007722007722,326,297,0
98887913,0,0,0,3.65125027660987,0.026554547466253596,297,409,1
114239371,0,0,0,2.310245629564063,0.06638636866563398,267,329,1
98837977,0,0,0,11.644169063952202,0.17260455853064838,749,431,1
89371588,0,0,0,0.9957955299845099,0.07966364239876078,215,273,1
98878010,0,0,0,3.106882053551671,0.013277273733126798,271,359,1
91698091,0,0,0,2.7218411152909936,0.09294091613188758,274,388,0
89399750,0,0,0,1.4737773843770745,0.06638636866563398,196,205,0
90892734,0,0,0,12.06904182341226,0.11949546359814119,638,430,0
90882159,0,0,0,3.279486612082319,0.013277273733126798,262,306,0
89407113,0,0,0,1.3410046470458066,0.013277273733126798,192,236,0
91698091,0,0,0,5.96102407336645,0.04585403133358808,519,509,1
89399750,0,0,0,1.8800152846771114,0.04585403133358808,258,222,1
90892734,0,0,0,6.534199465036301,0.13756209400076422,555,527,1
90882159,0,0,0,3.3473442873519295,0.02292701566679404,339,347,1
89407113,0,0,0,1.2839128773404662,0.13756209400076422,295,342,1
98887913,0,0,0,3.2097821933511654,0.06878104700038211,292,339,0
98878010,0,0,0,2.6824608330149022,0.02292701566679404,232,320,0
89371588,0,0,0,3.553687428353076,0.09170806266717615,292,280,0
98837977,0,0,0,6.213221245701185,0.20634314100114634,458,541,0
114239371,0,0,0,2.0634314100114635,0.1146350783339702,242,292,0
87382579,0,0,0,1.3953488372093024,0.1073345259391771,326,248,1
87196890,0,0,0,0.8228980322003578,0,282,211,1
87586992,0,0,0,1.9677996422182467,0.17889087656529518,364,348,1
31818853,0,0,0,3.148479427549195,0.07155635062611806,395,312,1
87285329,0,0,0,5.116279069767442,0.3935599284436494,614,518,1
103089999,0,0,0,0.5366726296958855,0.07155635062611806,145,170,0
103155425,0,0,0,4.221824686940965,0,274,286,0
111452697,0,0,0,1.2880143112701252,0.03577817531305903,168,212,0
86774335,0,0,0,4.722719141323792,0.03577817531305903,301,330,0
89217927,0,0,0,0.7155635062611807,0.1073345259391771,157,160,0
103089999,0,0,0,2.0250000000000004,0.056249999999999994,269,287,1
103155425,0,0,0,3.1312499999999996,0.0375,306,375,1
86774335,0,0,0,8.90625,0.20625,685,609,1
111452697,0,0,0,3.3937500000000003,0.075,367,360,1
89217927,0,0,0,1.05,0.11249999999999999,254,346,1
87382579,0,0,0,1.36875,0.075,217,231,0
87196890,0,0,0,0.7687499999999999,0.056249999999999994,184,204,0
87586992,0,0,0,2.9250000000000003,0.13125,301,354,0
31818853,0,0,0,2.8875,0.0375,273,282,0
87285329,0,0,0,7.125,0.11249999999999999,521,578,0
87382579,0,0,0,1.901802361715351,0.11187072715972654,275,272,1
87196890,0,0,0,1.08141702921069,0.18645121193287756,300,363,1
87586992,0,0,0,5.742697327532629,0.22374145431945308,524,683,1
31818853,0,0,0,2.2747047855811062,0.22374145431945308,323,353,1
87285329,0,0,0,8.763206960845245,0.14916096954630204,651,625,1
103089999,0,0,0,0.6339341205717837,0.03729024238657551,150,161,0
86774335,0,0,0,3.803604723430702,0.07458048477315102,300,337,0
111452697,0,0,0,1.7899316345556247,0.03729024238657551,209,219,0
103155425,0,0,0,2.311995027967682,0.03729024238657551,243,219,0
89217927,0,0,0,3.6544437538844,0.07458048477315102,328,323,0
86747351,0,0,0,0.6222222222222222,0.11851851851851852,205,180,0
86811043,0,0,0,3.022222222222222,0.08888888888888888,321,341,0
108754342,0,0,0,4.711111111111111,0.14814814814814814,406,446,0
86750050,0,0,0,0.41481481481481486,0.05925925925925926,161,173,0
16280166,0,0,0,1.5703703703703704,0.17777777777777776,286,296,0
87278757,0,0,0,2.1925925925925926,0.02962962962962963,345,412,1
89625472,0,0,0,7.2592592592592595,0.3851851851851852,697,762,1
70388657,0,0,0,3.140740740740741,0.3555555555555555,430,471,1
82783272,0,0,0,0.5333333333333333,0.23703703703703705,325,448,1
89326318,0,0,0,5.57037037037037,0.08888888888888888,607,568,1
87382579,0,0,0,1.131186174391202,0,147,160,0
87196890,0,0,0,0.47132757266300074,0.047132757266300083,135,119,0
87586992,0,0,0,5.019638648860958,0,309,242,0
31818853,0,0,0,3.0164964650432053,0.023566378633150042,235,252,0
87285329,0,0,0,7.399842890809112,0.07069913589945012,439,509,0
91698091,0,0,0,4.689709347996858,0.023566378633150042,386,413,1
90882159,0,0,0,4.2183817753338575,0.09426551453260017,376,382,1
89399750,0,0,0,0.7776904948939513,0.023566378633150042,186,193,1
90892734,0,0,0,7.776904948939514,0.21209740769835037,632,521,1
89407113,0,0,0,1.0840534171249019,0.047132757266300083,226,256,1
91698091,0,0,0,3.036144578313253,0.3373493975903615,434,459,1
90882159,0,0,0,4.048192771084337,0.28915662650602414,493,536,1
90892734,0,0,0,4.289156626506024,0.14457831325301207,463,362,1
89399750,0,0,0,1.349397590361446,0.0963855421686747,326,269,1
89407113,0,0,0,0.48192771084337344,0.14457831325301207,352,381,1
87382579,0,0,0,1.0602409638554215,0.14457831325301207,178,163,0
87196890,0,0,0,0.3855421686746988,0,107,140,0
87586992,0,0,0,3.4216867469879517,0.14457831325301207,298,392,0
31818853,0,0,0,2.602409638554217,0.14457831325301207,243,217,0
87285329,0,0,0,3.4216867469879517,0.0963855421686747,257,351,0
87382579,0,0,0,3.0012505210504377,0.02501042100875365,299,255,1
87196890,0,0,0,1.0004168403501459,0.2000833680700292,259,257,1
87586992,0,0,0,4.877032096706961,0.2000833680700292,469,446,1
31818853,0,0,0,2.3759899958315964,0.07503126302626094,309,375,1
87285329,0,0,0,6.002501042100875,0.07503126302626094,514,590,1
91698091,0,0,0,5.727386411004585,0.07503126302626094,426,442,0
89399750,0,0,0,0.6752813672363485,0,121,135,0
90882159,0,0,0,3.7015423092955397,0.0500208420175073,291,369,0
90892734,0,0,0,5.3522300958732805,0.0500208420175073,360,361,0
89407113,0,0,0,1.275531471446436,0.1000416840350146,183,212,0
94155156,0,0,0,1.664050235478807,0.06279434850863423,319,387,1
19672354,0,0,0,1.0675039246467817,0.15698587127158556,315,430,1
8712306,0,0,0,4.835164835164836,0.18838304552590268,478,400,1
100317750,0,0,0,2.197802197802198,0.40816326530612246,495,527,1
21265941,0,0,0,4.67817896389325,0.43956043956043955,560,646,1
85783343,0,0,0,1.7582417582417582,0,173,127,0
29337472,0,0,0,5.243328100470958,0.12558869701726846,392,498,0
91988610,0,0,0,2.5431711145996863,0.031397174254317116,241,193,0
74432222,0,0,0,2.0408163265306123,0.031397174254317116,196,223,0
25907144,0,0,0,1.2244897959183672,0.09419152276295134,197,267,0
21604967,0,0,0,0.5102040816326531,0,112,165,0
8591574,0,0,0,4.336734693877551,0.10204081632653061,271,318,0
83724325,0,0,0,2.9081632653061225,0,209,289,0
76659949,0,0,0,0.3571428571428571,0.05102040816326531,123,141,0
23190499,0,0,0,3.2653061224489797,0.1530612244897959,279,327,0
3916428,0,0,0,0.8163265306122449,0.25510204081632654,403,298,1
59312158,0,0,0,0.40816326530612246,0.05102040816326531,298,221,1
25175582,0,0,0,4.795918367346939,0.5102040816326531,651,607,1
119464562,0,0,0,4.948979591836735,0.20408163265306123,600,338,1
65782028,0,0,0,3.214285714285714,0.40816326530612246,559,555,1
98887913,0,0,0,4.863088718510405,0.16429353778751368,463,425,0
98837977,0,0,0,4.92880613362541,0.2628696604600219,511,501,0
98878010,0,0,0,2.694414019715224,0.19715224534501644,375,436,0
114239371,0,0,0,1.5443592552026286,0.13143483023001096,325,270,0
89371588,0,0,0,1.5443592552026286,0.13143483023001096,302,310,0
103089999,0,0,0,0.5914567360350493,0,110,113,1
111452697,0,0,0,2.234392113910186,0,185,158,1
86774335,0,0,0,6.341730558598028,0,375,361,1
103155425,0,0,0,2.924424972617744,0.03285870755750274,227,270,1
89217927,0,0,0,0.9857612267250822,0.13143483023001096,157,143,1
103089999,0,0,0,3.6193447737909517,0.062402496099844,250,256,1
103155425,0,0,0,2.80811232449298,0.062402496099844,253,228,1
86774335,0,0,0,3.2761310452418098,0,256,289,1
111452697,0,0,0,1.6224648985959438,0.093603744149766,214,210,1
89217927,0,0,0,2.5585023400936038,0,190,211,1
98887913,0,0,0,4.180967238689547,0.062402496099844,373,406,0
89371588,0,0,0,2.0280811232449296,0.093603744149766,260,222,0
98837977,0,0,0,5.709828393135725,0.249609984399376,477,503,0
114239371,0,0,0,0.62402496099844,0.062402496099844,184,220,0
98878010,0,0,0,2.7457098283931356,0.031201248049922,288,337,0
98887913,0,0,0,3.3471933471933473,0.12474012474012475,324,455,0
98837977,0,0,0,7.796257796257796,0.16632016632016633,507,591,0
98878010,0,0,0,3.2016632016632016,0.10395010395010394,294,434,0
114239371,0,0,0,1.1018711018711018,0.16632016632016633,234,319,0
89371588,0,0,0,1.2681912681912682,0.10395010395010394,209,246,0
103089999,0,0,0,1.8711018711018712,0,216,221,1
111452697,0,0,0,2.286902286902287,0.04158004158004158,269,315,1
103155425,0,0,0,2.993762993762994,0.16632016632016633,314,379,1
86774335,0,0,0,8.794178794178794,0.12474012474012475,627,679,1
89217927,0,0,0,1.2681912681912682,0.04158004158004158,214,263,1
98887913,0,0,0,2.6862302483069977,0.022573363431151242,227,256,0
98878010,0,0,0,3.6117381489841986,0.06772009029345372,274,326,0
89371588,0,0,0,1.309255079006772,0.022573363431151242,152,160,0
114239371,0,0,0,0.7223476297968398,0.022573363431151242,146,152,0
98837977,0,0,0,6.297968397291196,0.09029345372460497,425,418,0
87382579,0,0,0,2.144469525959368,0.06772009029345372,260,279,1
87196890,0,0,0,1.7155756207674944,0.09029345372460497,311,282,1
87586992,0,0,0,4.153498871331828,0.20316027088036118,434,513,1
31818853,0,0,0,3.363431151241535,0.09029345372460497,354,356,1
87285329,0,0,0,5.462753950338601,0.18058690744920994,531,576,1
87382579,0,0,0,2.6161137440758293,0.1990521327014218,356,250,1
87196890,0,0,0,1.6492890995260663,0,250,249,1
87586992,0,0,0,2.0758293838862563,0.17061611374407581,322,345,1
31818853,0,0,0,1.4502369668246446,0.1137440758293839,257,268,1
87285329,0,0,0,6.824644549763033,0.1990521327014218,544,462,1
98887913,0,0,0,1.9620853080568719,0,167,209,0
98837977,0,0,0,5.232227488151659,0,316,277,0
98878010,0,0,0,2.6729857819905214,0,177,205,0
89371588,0,0,0,0.8815165876777251,0,113,117,0
114239371,0,0,0,0.9952606635071091,0,117,131,0
98887913,0,0,0,3.1441048034934496,0.13100436681222707,379,372,1
98837977,0,0,0,6.026200873362446,0.17467248908296945,530,474,1
89371588,0,0,0,1.2663755458515285,0.2183406113537118,285,294,1
98878010,0,0,0,4.148471615720524,0.17467248908296945,406,425,1
114239371,0,0,0,0.8296943231441049,0.17467248908296945,259,238,1
87382579,0,0,0,2.1834061135371177,0,193,176,0
87196890,0,0,0,1.5283842794759825,0,171,162,0
87586992,0,0,0,3.1004366812227073,0,252,297,0
31818853,0,0,0,1.8340611353711789,0.13100436681222707,229,205,0
87285329,0,0,0,5.895196506550218,0,393,413,0
91698091,0,0,0,2.541829832680669,0.04271982912068352,208,222,0
89399750,0,0,0,0.6621573513705945,0.02135991456034176,139,171,0
90892734,0,0,0,8.50124599501602,0.04271982912068352,496,529,0
90882159,0,0,0,4.720541117835529,0.08543965824136704,329,326,0
89407113,0,0,0,1.5379138483446066,0.04271982912068352,168,153,0
103089999,0,0,0,1.5165539337842648,0.08543965824136704,273,329,1
111452697,0,0,0,3.2039871840512637,0.10679957280170879,364,364,1
86774335,0,0,0,5.916696333214667,0.17087931648273408,539,555,1
103155425,0,0,0,3.52438590245639,0.19223923104307583,389,453,1
89217927,0,0,0,6.002135991456034,0.06407974368102529,563,583,1
103089999,0,0,0,3.824317086234601,0.12854847348687734,363,409,1
103155425,0,0,0,2.6352437064809857,0.096411355115158,337,392,1
86774335,0,0,0,5.623995715050884,0.22495982860203534,588,505,1
111452697,0,0,0,2.281735404392073,0.06427423674343867,312,302,1
89217927,0,0,0,0.8034279592929834,0.22495982860203534,288,279,1
91698091,0,0,0,1.3818960899839314,0.032137118371719335,209,220,0
90892734,0,0,0,4.595607927155865,0.12854847348687734,349,337,0
90882159,0,0,0,3.40653454740225,0,287,323,0
89399750,0,0,0,1.3818960899839314,0.16068559185859668,214,221,0
89407113,0,0,0,1.3818960899839314,0.096411355115158,190,221,0
87278757,0,0,0,0.9096651926721415,0.1516108654453569,272,300,1
89625472,0,0,0,7.125710675931775,0.2653190145293746,688,619,1
70388657,0,0,0,3.638660770688566,0.037902716361339225,345,349,1
107644273,0,0,0,2.0846493998736575,0.037902716361339225,282,209,1
89326318,0,0,0,5.003158559696779,0.07580543272267845,491,448,1
89137399,0,0,0,1.0612760581174985,0,139,161,0
89269794,0,0,0,0.98547062539482,0,144,168,0
86750262,0,0,0,3.828174352495262,0.037902716361339225,286,312,0
87201671,0,0,0,6.632975363234365,0.037902716361339225,481,490,0
86723143,0,0,0,4.662034112444725,0.22741629816803538,342,312,0
89137399,0,0,0,0.892959358900973,0.0343445907269605,161,172,0
89269794,0,0,0,1.5111619919862622,0.10303377218088151,215,260,0
87201671,0,0,0,5.392100744132799,0.137378362907842,428,564,0
86750262,0,0,0,3.743560389238695,0.20606754436176303,368,591,0
86723143,0,0,0,3.2970807097882084,0.20606754436176303,333,497,0
87278757,0,0,0,1.167716084716657,0.068689181453921,273,394,1
89625472,0,0,0,5.186033199771035,0.5151688609044076,590,636,1
70388657,0,0,0,3.40011448196909,0.17172295363480253,407,534,1
89326318,0,0,0,5.907269605037206,0.20606754436176303,563,605,1
107644273,0,0,0,2.507155123068117,0.137378362907842,333,358,1
87278757,0,0,0,1.4234363767074047,0.021567217828900073,183,288,0
89625472,0,0,0,6.491732566498921,0.15097052480230053,504,559,0
70388657,0,0,0,3.838964773544213,0.0647016534867002,310,416,0
107644273,0,0,0,1.1214953271028036,0.0647016534867002,184,187,0
89326318,0,0,0,3.01941049604601,0.043134435657800146,243,317,0
89137399,0,0,0,1.1430625449317038,0.10783608914450035,273,339,1
89269794,0,0,0,1.3371675053918046,0.043134435657800146,234,268,1
86750262,0,0,0,2.652767792954709,0.08626887131560029,322,355,1
87201671,0,0,0,4.9173256649892165,0.1294033069734004,484,543,1
86723143,0,0,0,6.03882099209202,0.2588066139468008,561,705,1
98887913,0,0,0,3.462295081967213,0.15737704918032785,386,441,0
98837977,0,0,0,4.760655737704918,0.2360655737704918,451,374,0
98878010,0,0,0,3.0295081967213116,0.2360655737704918,370,475,0
114239371,0,0,0,0.43278688524590164,0.19672131147540983,249,308,0
89371588,0,0,0,0.7868852459016393,0.1180327868852459,221,289,0
68740191,0,0,0,3.737704918032787,0.19672131147540983,314,299,1
89268488,0,0,0,1.6131147540983608,0.039344262295081964,164,162,1
89251386,0,0,0,3.6196721311475413,0.07868852459016393,304,373,1
89249333,0,0,0,1.0229508196721313,0.07868852459016393,164,190,1
93616251,0,0,0,2.911475409836066,0,240,275,1
68740191,0,0,0,4.198645598194131,0.045146726862302484,295,298,1
89251386,0,0,0,3.792325056433409,0,287,280,1
89268488,0,0,0,0.8577878103837472,0,136,116,1
89249333,0,0,0,1.1286681715575622,0,134,96,1
93616251,0,0,0,2.5282167042889387,0.045146726862302484,230,240,1
98887913,0,0,0,3.792325056433409,0.13544018058690743,358,388,0
98837977,0,0,0,5.3724604966139955,0.045146726862302484,447,412,0
98878010,0,0,0,2.6636568848758464,0.22573363431151242,402,364,0
114239371,0,0,0,0.9029345372460497,0.045146726862302484,204,225,0
89371588,0,0,0,0.9932279909706546,0.13544018058690743,222,233,0
89330493,0,0,0,2.8458498023715415,0.09121313469139555,302,362,1
94362277,0,0,0,7.059896625114017,0.1459410155062329,526,541,1
92535195,0,0,0,2.0796594709638185,0.036485253876558224,267,292,1
93670407,0,0,0,1.295226512617817,0.07297050775311645,259,302,1
91644707,0,0,0,6.38491942839769,0.054727880814837336,478,504,1
45614257,0,0,0,3.6485253876558223,0.018242626938279112,278,251,0
96886397,0,0,0,0.802675585284281,0,163,215,0
91191651,0,0,0,3.247187595013682,0.07297050775311645,304,351,0
85485252,0,0,0,1.970203709334144,0.07297050775311645,252,288,0
91191397,0,0,0,9.960474308300396,0.07297050775311645,616,591,0
45614257,0,0,0,1.4365256124721604,0,144,121,0
96886397,0,0,0,0.9020044543429844,0.03340757238307349,138,144,0
91191651,0,0,0,3.0400890868596884,0.03340757238307349,233,216,0
85485252,0,0,0,2.505567928730512,0,206,169,0
91191397,0,0,0,3.173719376391982,0.03340757238307349,241,251,0
98887913,0,0,0,3.374164810690423,0.10022271714922049,400,360,1
98837977,0,0,0,4.610244988864142,0.16703786191536749,460,431,1
98878010,0,0,0,2.7728285077951003,0.26726057906458794,397,415,1
114239371,0,0,0,0.9020044543429844,0.13363028953229397,281,302,1
89371588,0,0,0,3.908685968819599,0.23385300668151449,446,407,1
89330493,0,0,0,1.245112781954887,0.05413533834586466,185,220,0
94362277,0,0,0,11.097744360902256,0.09022556390977444,599,601,0
92535195,0,0,0,3.95187969924812,0.09022556390977444,288,303,0
93670407,0,0,0,1.3714285714285714,0.05413533834586466,174,201,0
91644707,0,0,0,4.926315789473684,0.05413533834586466,375,489,0
68740191,0,0,0,9.798496240601505,0.19849624060150375,732,585,1
89251386,0,0,0,0.8842105263157894,0.03609022556390977,217,272,1
89268488,0,0,0,4.403007518796993,0.07218045112781954,372,441,1
93616251,0,0,0,6.045112781954887,0.10827067669172932,465,526,1
89249333,0,0,0,1.3172932330827067,0.09022556390977444,234,231,1
89330493,0,0,0,1.9115890083632017,0.0955794504181601,231,287,1
93670407,0,0,0,1.075268817204301,0.07168458781362007,206,286,1
92535195,0,0,0,4.731182795698924,0.1911589008363202,399,459,1
94362277,0,0,0,6.618876941457587,0.14336917562724014,489,542,1
91644707,0,0,0,7.240143369175628,0.0955794504181601,514,653,1
91443418,0,0,0,2.771804062126643,0.1194743130227001,294,356,0
86772934,0,0,0,3.894862604540024,0.023894862604540025,302,345,0
91162296,0,0,0,1.9115890083632017,0.023894862604540025,231,205,0
115102590,0,0,0,4.683393070489845,0.1911589008363202,424,478,0
92704330,0,0,0,1.4814814814814814,0.04778972520908005,210,238,0
94155156,0,0,0,0.9994794377928162,0.12493492972410203,174,217,0
19672354,0,0,0,0.4685059864653826,0.031233732431025507,122,123,0
100317750,0,0,0,3.4044768349817804,0,244,278,0
8712306,0,0,0,5.778240499739719,0,339,405,0
21265941,0,0,0,2.404997397188964,0.15616866215512754,222,294,0
89137399,0,0,0,2.217595002602811,0.09370119729307652,308,315,1
87201671,0,0,0,3.279541905257678,0.12493492972410203,375,368,1
86750262,0,0,0,4.341488807912546,0.18740239458615304,481,488,1
89269794,0,0,0,1.9052576782925559,0.15616866215512754,321,377,1
86723143,0,0,0,7.09005726184279,0.15616866215512754,642,629,1
89137399,0,0,0,0.8374384236453202,0.04926108374384236,236,250,1
89269794,0,0,0,1.1330049261083746,0.1477832512315271,284,280,1
87201671,0,0,0,5.467980295566503,0.2955665024630542,581,406,1
86750262,0,0,0,4.088669950738916,0.2955665024630542,449,461,1
86723143,0,0,0,4.334975369458128,0.09852216748768472,411,465,1
94155156,0,0,0,0.6403940886699508,0.04926108374384236,136,136,0
19672354,0,0,0,2.6600985221674875,0,176,144,0
8712306,0,0,0,4.1871921182266005,0,280,295,0
100317750,0,0,0,2.6600985221674875,0.09852216748768472,272,316,0
21265941,0,0,0,2.266009852216749,0.1477832512315271,240,287,0
94155156,0,0,0,2.439877568867512,0.052470485351989504,229,275,1
19672354,0,0,0,1.7839965019676431,0.10494097070397901,282,427,1
100317750,0,0,0,3.3843463052033234,0.3410581547879318,436,501,1
8712306,0,0,0,7.634455618714473,0.13117621337997376,610,726,1
21265941,0,0,0,5.299519020550941,0.13117621337997376,471,525,1
87201671,0,0,0,4.355050284215129,0.20988194140795802,383,423,0
89269794,0,0,0,7.634455618714473,0.10494097070397901,533,606,0
86750262,0,0,0,2.3874070835155226,0.026235242675994752,247,278,0
89137399,0,0,0,1.4691735898557061,0.026235242675994752,203,249,0
86723143,0,0,0,5.85045911674683,0,396,437,0
75750590,0,0,0,0.9304652326163081,0,176,276,0
86808334,0,0,0,1.0205102551275638,0.030015007503751873,199,297,0
52341014,0,0,0,5.042521260630315,0.3901950975487744,459,819,0
86719417,0,0,0,2.3111555777888944,0.27013506753376687,314,479,0
94049589,0,0,0,1.980990495247624,0.030015007503751873,196,186,0
82262664,0,0,0,0.8404202101050525,0.18009004502251125,336,424,1
86799300,0,0,0,4.142071035517759,0.48024012006003,581,719,1
31078647,0,0,0,1.8009004502251127,0.21010505252626313,351,396,1
37105332,0,0,0,1.1105552776388192,0.33016508254127064,432,615,1
21289303,0,0,0,6.333166583291646,0.7503751875937968,900,917,1
69325073,0,0,0,3.2987171655467318,0.14660965180207697,410,519,1
91918857,0,0,0,5.021380574221136,0.3298717165546732,630,734,1
86747757,0,0,0,2.089187538179597,0.2565668906536347,365,598,1
103300771,0,0,0,0.6230910201588271,0.14660965180207697,293,384,1
89034336,0,0,0,6.047648136835675,0.6963958460598656,785,963,1
20237599,0,0,0,4.288332315210751,0.10995723885155773,336,355,0
26863344,0,0,0,1.8692730604764813,0.03665241295051924,218,395,0
16769223,0,0,0,3.921808185705559,0.14660965180207697,319,444,0
26682464,0,0,0,1.4294441050702504,0.10995723885155773,214,350,0
25907144,0,0,0,0.6597434331093464,0.10995723885155773,181,218,0
20237599,0,0,0,4.300822561692127,0.10575793184488837,352,375,0
26863344,0,0,0,4.018801410105758,0.03525264394829612,376,500,0
25907144,0,0,0,0.564042303172738,0.17626321974148063,188,315,0
16769223,0,0,0,3.736780258519389,0.03525264394829612,304,404,0
26682464,0,0,0,1.410105757931845,0.24676850763807287,243,301,0
69325073,0,0,0,5.0411280846063455,0.35252643948296125,577,655,1
103300771,0,0,0,0.5287896592244419,0.07050528789659224,280,258,1
91918857,0,0,0,3.3842538190364277,0.21151586368977673,478,605,1
86747757,0,0,0,2.009400705052879,0.1410105757931845,369,365,1
89034336,0,0,0,10.787309048178614,0.49353701527614574,931,1146,1
85417034,0,0,0,9.305724725943971,0.09744214372716199,559,483,0
1978666,0,0,0,3.045066991473812,0.024360535931790498,256,355,0
82630959,0,0,0,2.9476248477466505,0.024360535931790498,243,249,0
84772440,0,0,0,3.0937880633373935,0.048721071863580996,259,277,0
86658924,0,0,0,0.7064555420219245,0.048721071863580996,171,235,0
89330493,0,0,0,3.3861144945188792,0.0730816077953715,332,420,1
93670407,0,0,0,1.2180267965895248,0.0730816077953715,262,334,1
92535195,0,0,0,2.4604141291108403,0.0730816077953715,324,389,1
94362277,0,0,0,8.599269183922047,0.17052375152253352,694,676,1
91644707,0,0,0,7.892813641900122,0.243605359317905,614,719,1
85417034,0,0,0,6.097468832640725,0.11333585190782018,480,536,1
1978666,0,0,0,4.782772950510011,0.2040045334340763,441,561,1
82630959,0,0,0,1.3600302228938421,0.11333585190782018,279,368,1
84772440,0,0,0,7.3441632036267475,0.18133736305251227,577,560,1
86658924,0,0,0,1.5187004155647903,0.09066868152625614,277,423,1
91443418,0,0,0,5.644125425009444,0.04533434076312807,369,467,0
86772934,0,0,0,3.5360785795239895,0,264,316,0
92704330,0,0,0,1.4733660748016622,0.04533434076312807,166,197,0
91162296,0,0,0,1.1560256894597658,0,167,206,0
115102590,0,0,0,5.5534567434831885,0.22667170381564036,416,566,0
45614257,0,0,0,5.20915548539858,0,375,412,1
96886397,0,0,0,1.1128650355169694,0.0473559589581689,222,250,1
91191651,0,0,0,4.143646408839779,0.07103393843725336,405,407,1
85485252,0,0,0,2.5808997632202053,0.11838989739542226,326,305,1
91191397,0,0,0,10.986582478295187,0.16574585635359115,733,585,1
89330493,0,0,0,1.8468823993685872,0.02367797947908445,193,196,0
94362277,0,0,0,9.731649565903709,0.07103393843725336,582,603,0
92535195,0,0,0,2.6519337016574585,0.0473559589581689,232,235,0
93670407,0,0,0,1.3496448303078137,0.02367797947908445,179,218,0
91644707,0,0,0,4.877663772691397,0.02367797947908445,344,359,0
91443418,0,0,0,8.855172413793102,0.2206896551724138,706,580,1
86772934,0,0,0,2.2620689655172415,0.027586206896551724,275,211,1
91162296,0,0,0,1.0206896551724138,0.027586206896551724,283,228,1
115102590,0,0,0,3.2827586206896555,0.1103448275862069,376,369,1
92704330,0,0,0,1.0206896551724138,0.027586206896551724,244,219,1
85417034,0,0,0,6.7862068965517235,0.16551724137931034,442,500,0
1978666,0,0,0,4.220689655172414,0.027586206896551724,307,310,0
82630959,0,0,0,1.5172413793103448,0,186,195,0
84772440,0,0,0,6.482758620689655,0.13793103448275862,435,448,0
86658924,0,0,0,1.9034482758620692,0,216,271,0
86762037,0,0,0,1.355081555834379,0.025094102885821833,161,215,0
86802544,0,0,0,4.617314930991217,0.07528230865746549,312,345,0
34726076,0,0,0,1.179422835633626,0.07528230865746549,178,252,0
34547465,0,0,0,4.617314930991217,0.025094102885821833,318,307,0
96708830,0,0,0,5.671267252195735,0.07528230865746549,374,454,0
68740191,0,0,0,5.445420326223338,0.07528230865746549,523,419,1
89251386,0,0,0,3.9899623588456707,0.07528230865746549,357,381,1
89268488,0,0,0,4.190715181932246,0.15056461731493098,358,378,1
89249333,0,0,0,0.9786700125470514,0,211,246,1
93616251,0,0,0,3.237139272271016,0.10037641154328733,366,443,1
103140845,0,0,0,3.364485981308411,0.16492578339747113,301,351,0
103639844,0,0,0,0.36283672347443646,0.032985156679494226,118,142,0
94736430,0,0,0,1.0885101704233096,0.032985156679494226,153,147,0
103764401,0,0,0,3.7932930181418363,0.032985156679494226,286,286,0
103940925,0,0,0,4.518966465090709,0.06597031335898845,307,319,0
98887913,0,0,0,3.8592633315008245,0.1319406267179769,430,575,1
98878010,0,0,0,4.123144584936779,0.32985156679494226,480,598,1
98837977,0,0,0,7.751511819681143,0.32985156679494226,654,630,1
114239371,0,0,0,1.0885101704233096,0.06597031335898845,258,300,1
89371588,0,0,0,1.6822429906542056,0.06597031335898845,324,308,1
51747431,0,0,0,4.949238578680203,0.6852791878172588,691,719,1
85143928,0,0,0,0.9898477157360407,0.07614213197969542,321,406,1
89453814,0,0,0,3.7690355329949234,0.41878172588832485,621,606,1
89445714,0,0,0,1.6751269035532994,0.11421319796954316,355,388,1
89230168,0,0,0,5.824873096446701,0.15228426395939085,586,607,1
107828059,0,0,0,0.5710659898477157,0.07614213197969542,144,220,0
62014974,0,0,0,3.730964467005076,0,227,263,0
118480920,0,0,0,1.751269035532995,0.15228426395939085,179,187,0
86730156,0,0,0,2.2081218274111674,0.11421319796954316,249,395,0
92554176,0,0,0,2.512690355329949,0.15228426395939085,263,424,0
91443418,0,0,0,11.521961184882533,0.30643513789581206,844,669,1
86772934,0,0,0,2.042900919305414,0.08171603677221655,274,352,1
92704330,0,0,0,0.7354443309499489,0.06128702757916241,223,316,1
115102590,0,0,0,4.49438202247191,0.24514811031664965,482,653,1
91162296,0,0,0,0.8375893769152196,0.04085801838610827,223,270,1
89330493,0,0,0,1.5321756894790604,0.04085801838610827,207,295,0
93670407,0,0,0,0.7150153217568949,0.020429009193054137,158,158,0
92535195,0,0,0,4.310520939734423,0.08171603677221655,339,361,0
94362277,0,0,0,7.027579162410623,0.10214504596527069,468,505,0
91644707,0,0,0,5.393258426966292,0.20429009193054137,431,518,0
86794404,0,0,0,5.560425798371948,0.03757044458359424,364,380,0
86772728,0,0,0,0.5259862241703193,0,130,141,0
91143798,0,0,0,1.4276768941765812,0.03757044458359424,191,178,0
80576254,0,0,0,3.0432060112711334,0.07514088916718847,257,295,0
101672784,0,0,0,4.057608015028178,0.07514088916718847,317,279,0
45614257,0,0,0,5.2598622417031935,0.03757044458359424,461,451,1
96886397,0,0,0,1.3525360050093926,0.26299311208515963,407,357,1
91191651,0,0,0,3.794614902943018,0.15028177833437695,457,469,1
85485252,0,0,0,2.8553537883531623,0.22542266750156545,414,412,1
91191397,0,0,0,4.809016906700062,0.15028177833437695,539,505,1
92554176,0,0,0,0.8042895442359249,0.05361930294906166,125,123,1
118480920,0,0,0,0.21447721179624665,0.10723860589812333,115,169,1
86730156,0,0,0,3.0563002680965146,0.16085790884718498,275,365,1
62014974,0,0,0,1.8230563002680964,0.05361930294906166,190,184,1
107828059,0,0,0,0.21447721179624665,0,101,116,1
98887913,0,0,0,1.4477211796246647,0.10723860589812333,423,277,0
98837977,0,0,0,4.9329758713136735,0.6434316353887399,650,620,0
89371588,0,0,0,4.557640750670242,0.16085790884718498,528,354,0
98878010,0,0,0,3.3780160857908847,0.4289544235924933,516,482,0
114239371,0,0,0,1.1260053619302948,0.10723860589812333,320,247,0
68740191,0,0,0,3.0520231213872835,0.4161849710982659,466,573,1
89251386,0,0,0,2.115606936416185,0.06936416184971099,343,354,1
89268488,0,0,0,4.023121387283236,0.38150289017341044,512,598,1
93616251,0,0,0,6.104046242774567,0.38150289017341044,668,697,1
89249333,0,0,0,0.9364161849710982,0.17341040462427745,347,442,1
103140845,0,0,0,2.011560693641618,0.17341040462427745,246,302,0
103639844,0,0,0,0.5549132947976879,0.034682080924855495,143,183,0
103764401,0,0,0,2.566473988439306,0.10404624277456648,286,409,0
94736430,0,0,0,0.5895953757225434,0.06936416184971099,171,224,0
103940925,0,0,0,1.352601156069364,0.06936416184971099,217,286,0
86762037,0,0,0,1.2419700214132763,0.17130620985010706,327,292,1
34726076,0,0,0,1.6702355460385439,0.2569593147751606,400,395,1
86802544,0,0,0,4.539614561027837,0,455,401,1
34547465,0,0,0,4.025695931477516,0.2569593147751606,536,380,1
96708830,0,0,0,3.897216274089936,0.1284796573875803,451,433,1
51747431,0,0,0,4.582441113490364,0,297,362,0
85143928,0,0,0,0.9850107066381156,0,136,140,0
89453814,0,0,0,3.9400428265524625,0.042826552462526764,268,382,0
89230168,0,0,0,3.683083511777302,0,257,207,0
89445714,0,0,0,0.2569593147751606,0,102,121,0
107828059,0,0,0,0.5154639175257733,0.10309278350515463,122,119,0
92554176,0,0,0,2.061855670103093,0,183,188,0
86730156,0,0,0,3.711340206185567,0,238,330,0
62014974,0,0,0,2.268041237113402,0,179,318,0
118480920,0,0,0,0.5154639175257733,0,97,103,0
98887913,0,0,0,1.134020618556701,0.30927835051546393,241,254,1
98837977,0,0,0,3.6082474226804124,0.5154639175257733,357,417,1
98878010,0,0,0,4.639175257731959,0.10309278350515463,347,449,1
114239371,0,0,0,0.20618556701030927,0.10309278350515463,129,193,1
89371588,0,0,0,4.020618556701031,0,264,311,1
86762037,0,0,0,1.3523131672597866,0.03558718861209965,144,177,0
86802544,0,0,0,3.380782918149466,0.03558718861209965,243,267,0
34726076,0,0,0,1.0320284697508897,0.03558718861209965,132,136,0
96708830,0,0,0,2.9537366548042705,0.03558718861209965,219,294,0
34547465,0,0,0,3.6298932384341636,0.03558718861209965,240,320,0
98887913,0,0,0,4.412811387900356,0.1423487544483986,555,408,1
98837977,0,0,0,5.444839857651245,0.03558718861209965,478,458,1
114239371,0,0,0,2.2419928825622772,0.03558718861209965,305,252,1
98878010,0,0,0,3.4519572953736657,0.0711743772241993,370,364,1
89371588,0,0,0,3.3451957295373664,0.10676156583629892,421,335,1
85417034,0,0,0,6.599817684594348,0.16408386508659983,442,422,0
1978666,0,0,0,2.552415679124886,0.018231540565177756,215,289,0
82630959,0,0,0,0.8386508659981768,0.018231540565177756,137,161,0
84772440,0,0,0,6.1257976298997265,0.05469462169553327,386,433,0
86658924,0,0,0,2.0783956244302644,0.018231540565177756,189,245,0
89330493,0,0,0,0.8933454876937101,0.07292616226071102,214,253,1
93670407,0,0,0,1.4585232452142207,0.05469462169553327,229,240,1
94362277,0,0,0,9.608021877848678,0.16408386508659983,681,590,1
92535195,0,0,0,1.969006381039198,0.03646308113035551,263,332,1
91644707,0,0,0,5.870556061987238,0.16408386508659983,512,613,1
68740191,0,0,0,4.864864864864865,0.11583011583011583,464,433,1
89251386,0,0,0,4.362934362934363,0.19305019305019303,456,438,1
89268488,0,0,0,2.586872586872587,0.19305019305019303,328,301,1
93616251,0,0,0,5.250965250965251,0.3088803088803089,570,579,1
89249333,0,0,0,1.698841698841699,0.07722007722007722,284,334,1
51747431,0,0,0,3.436293436293436,0.19305019305019303,286,302,0
89445714,0,0,0,0.46332046332046334,0.03861003861003861,143,206,0
85143928,0,0,0,0.38610038610038605,0.03861003861003861,132,163,0
89230168,0,0,0,2.586872586872587,0.11583011583011583,257,302,0
89453814,0,0,0,4.749034749034749,0.07722007722007722,329,444,0
103140845,0,0,0,5.843478260869565,0.1565217391304348,546,479,1
103639844,0,0,0,0.5217391304347826,0.13043478260869565,241,281,1
94736430,0,0,0,1.4347826086956523,0.0782608695652174,262,239,1
103764401,0,0,0,5.713043478260869,0.052173913043478265,481,472,1
103940925,0,0,0,5.243478260869566,0.13043478260869565,489,498,1
107828059,0,0,0,1.1478260869565218,0.10434782608695653,176,170,0
62014974,0,0,0,4.591304347826087,0.052173913043478265,345,355,0
86730156,0,0,0,4.77391304347826,0.10434782608695653,345,391,0
118480920,0,0,0,0.7565217391304349,0.026086956521739132,139,152,0
92554176,0,0,0,4.226086956521739,0.026086956521739132,282,387,0
86794404,0,0,0,3.5598482235253535,0.14487754398068298,353,516,1
86772728,0,0,0,0.33114867195584685,0.10348395998620213,213,273,1
91143798,0,0,0,4.470507071403932,0.14487754398068298,415,491,1
101672784,0,0,0,6.27112797516385,0.16557433597792343,512,645,1
80576254,0,0,0,4.656778199379096,0.3725422559503277,485,626,1
91162296,0,0,0,0.6829941359089341,0.041393583994480856,185,264,0
86772934,0,0,0,6.022766471196964,0.18627112797516385,563,539,0
91443418,0,0,0,4.491203863401172,0.16557433597792343,405,501,0
115102590,0,0,0,5.484649879268713,0.14487754398068298,424,553,0
92704330,0,0,0,0.9727492238703002,0,188,205,0
86762037,0,0,0,1.4076246334310851,0.08797653958944282,283,348,1
86802544,0,0,0,3.929618768328446,0.08797653958944282,383,373,1
34726076,0,0,0,2.903225806451613,0.11730205278592376,392,410,1
96708830,0,0,0,3.6070381231671558,0.11730205278592376,395,450,1
34547465,0,0,0,5.2785923753665696,0.32258064516129037,563,585,1
16684211,0,0,0,1.3196480938416424,0.02932551319648094,153,189,0
103764401,0,0,0,4.721407624633431,0.05865102639296188,314,342,0
94736430,0,0,0,1.0850439882697949,0,132,139,0
103639844,0,0,0,2.9912023460410557,0.02932551319648094,230,171,0
103940925,0,0,0,3.9882697947214076,0.02932551319648094,282,302,0
107828059,0,0,0,0.53125,0.03125,109,119,0
118480920,0,0,0,0.375,0,90,106,0
86730156,0,0,0,2.3125,0,183,266,0
92554176,0,0,0,2.09375,0.0625,191,205,0
62014974,0,0,0,2.90625,0,218,308,0
68740191,0,0,0,5.625,0.4375,591,610,1
89268488,0,0,0,1.84375,0.25,328,323,1
89251386,0,0,0,3.65625,0.125,391,426,1
89249333,0,0,0,1.6875,0.03125,299,337,1
93616251,0,0,0,6.34375,0.15625,507,460,1
51747431,0,0,0,2.0299500831946755,0.1663893510815308,226,321,1
89453814,0,0,0,2.5956738768718806,0.13311148086522465,260,360,1
89445714,0,0,0,0.8652246256239601,0,136,171,1
85143928,0,0,0,0.6655574043261232,0.06655574043261232,154,193,1
89230168,0,0,0,3.826955074875208,0.06655574043261232,284,385,1
98887913,0,0,0,4.425956738768719,0.2662229617304493,458,597,0
114239371,0,0,0,0.632279534109817,0.06655574043261232,218,316,0
98878010,0,0,0,4.259567387687189,0.2995008319467554,448,598,0
98837977,0,0,0,8.718801996672214,0.09983361064891848,586,649,0
89371588,0,0,0,1.663893510815308,0.19966722129783696,299,305,0
86794404,0,0,0,1.3969732246798603,0.09313154831199068,211,238,0
86772728,0,0,0,1.0244470314318974,0,162,194,0
80576254,0,0,0,6.495925494761351,0.09313154831199068,424,485,0
91143798,0,0,0,2.3050058207217696,0.09313154831199068,283,289,0
101672784,0,0,0,5.378346915017461,0.11641443538998836,400,393,0
89330493,0,0,0,0.8847497089639115,0.02328288707799767,223,237,1
93670407,0,0,0,1.5366705471478463,0.09313154831199068,305,373,1
92535195,0,0,0,0.8381839348079162,0.02328288707799767,223,277,1
94362277,0,0,0,10.10477299185099,0.13969732246798602,731,707,1
91644707,0,0,0,6.845168800931316,0.32596041909196743,620,622,1
85417034,0,0,0,4.563297350343474,0.29440628066732094,590,525,1
1978666,0,0,0,2.3552502453385675,0.17664376840039253,381,508,1
82630959,0,0,0,1.4131501472031402,0.26496565260058885,330,343,1
84772440,0,0,0,5.299313052011776,0.4416094210009814,670,739,1
86658924,0,0,0,0.7360157016683022,0.11776251226692835,324,445,1
45614257,0,0,0,0.9126594700686949,0.14720314033366047,182,207,0
96886397,0,0,0,1.97252208047105,0.02944062806673209,176,154,0
91191651,0,0,0,1.943081452404318,0,176,227,0
85485252,0,0,0,3.591756624141315,0.02944062806673209,278,353,0
91191397,0,0,0,4.003925417075564,0.11776251226692835,316,336,0
98887913,0,0,0,2.846715328467153,0.03649635036496351,249,279,0
98837977,0,0,0,5.10948905109489,0.03649635036496351,337,358,0
98878010,0,0,0,2.7007299270072993,0,199,204,0
114239371,0,0,0,1.2043795620437956,0.14598540145985403,184,212,0
89371588,0,0,0,2.0437956204379564,0.1094890510948905,213,202,0
68740191,0,0,0,5.291970802919709,0.3284671532846716,583,442,1
89268488,0,0,0,1.1678832116788322,0.07299270072992702,285,259,1
89251386,0,0,0,2.0802919708029197,0.1094890510948905,344,262,1
93616251,0,0,0,4.087591240875913,0.07299270072992702,471,343,1
89249333,0,0,0,0.18248175182481752,0.03649635036496351,232,236,1
86794404,0,0,0,0.4305484366991287,0.030753459764223473,111,134,0
86772728,0,0,0,0.33828805740645823,0.061506919528446946,141,187,0
101672784,0,0,0,2.4910302409021017,0.061506919528446946,217,238,0
91143798,0,0,0,3.352127114300359,0.061506919528446946,259,290,0
80576254,0,0,0,6.2429523321373654,0.09226037929267043,404,444,0
85417034,0,0,0,5.65863659661712,0.33828805740645823,586,534,1
1978666,0,0,0,5.13582778062532,0.12301383905689389,473,487,1
82630959,0,0,0,1.6606868272680677,0.09226037929267043,282,329,1
84772440,0,0,0,5.443362378267555,0.18452075858534087,588,539,1
86658924,0,0,0,0.8303434136340339,0.2767811378780113,327,521,1
86762037,0,0,0,0.8014247551202137,0.13357079252003562,264,337,1
86802544,0,0,0,3.739982190560997,0.10685663401602849,382,414,1
34726076,0,0,0,3.3392698130008904,0.026714158504007122,405,440,1
34547465,0,0,0,5.903829029385574,0.21371326803205698,572,478,1
96708830,0,0,0,3.259127337488869,0.21371326803205698,397,420,1
107828059,0,0,0,1.2021371326803205,0.053428317008014245,158,187,0
62014974,0,0,0,1.3891362422083704,0.10685663401602849,226,278,0
86730156,0,0,0,3.873552983081033,0.08014247551202137,297,375,0
118480920,0,0,0,0.9349955476402493,0.10685663401602849,168,193,0
92554176,0,0,0,5.903829029385574,0.10685663401602849,394,515,0
51747431,0,0,0,4.028268551236749,0.10600706713780919,309,375,0
89230168,0,0,0,3.5247349823321557,0.10600706713780919,281,297,0
85143928,0,0,0,0.7685512367491166,0.053003533568904596,181,300,0
89453814,0,0,0,3.312720848056537,0.1590106007067138,309,375,0
89445714,0,0,0,0.5300353356890459,0.0795053003533569,149,208,0
100415781,0,0,0,5.379858657243816,0.3180212014134276,600,701,1
103639844,0,0,0,1.1395759717314486,0.053003533568904596,252,293,1
94736430,0,0,0,0.8480565371024735,0.053003533568904596,225,223,1
100465401,0,0,0,5.035335689045937,0.3180212014134276,524,601,1
103940925,0,0,0,3.4452296819787986,0.13250883392226148,395,500,1
89137399,0,0,0,2.784,0,208,229,0
89269794,0,0,0,1.152,0,146,161,0
86750262,0,0,0,2.784,0.096,263,293,0
87201671,0,0,0,5.904,0.192,467,549,0
86723143,0,0,0,4.752000000000001,0,276,329,0
87278757,0,0,0,0.576,0,180,232,1
89625472,0,0,0,7.776,0.288,620,736,1
70388657,0,0,0,2.784,0.432,399,465,1
89326318,0,0,0,5.328,0.24,454,546,1
101179077,0,0,0,0.96,0.096,256,385,1
86861882,0,0,0,1.3577981651376148,0,228,184,1
38515149,0,0,0,3.0825688073394497,0.14678899082568805,396,461,1
40547474,0,0,0,6.348623853211009,0.22018348623853212,584,535,1
87276347,0,0,0,1.1009174311926606,0.07339449541284403,265,317,1
10366616,0,0,0,6.091743119266055,0.4770642201834862,567,566,1
92000166,0,0,0,0.8073394495412843,0.03669724770642201,140,123,0
86784730,0,0,0,0.8440366972477065,0.07339449541284403,149,181,0
44197689,0,0,0,4,0.03669724770642201,275,273,0
86724577,0,0,0,0.3669724770642202,0,112,91,0
115817582,0,0,0,5.174311926605505,0.07339449541284403,349,370,0
87278757,0,0,0,1.6013628620102214,0.017035775127768313,248,434,1
89625472,0,0,0,4.0374787052810905,0.11925042589437818,410,471,1
70388657,0,0,0,5.264054514480409,0.37478705281090285,523,559,1
89326318,0,0,0,4.6848381601362865,0.11925042589437818,442,562,1
101179077,0,0,0,1.0562180579216354,0.17035775127768313,282,374,1
89137399,0,0,0,0.7325383304940375,0.10221465076660988,214,270,0
89269794,0,0,0,0.868824531516184,0.05110732538330494,204,291,0
86750262,0,0,0,2.62350936967632,0.034071550255536626,304,445,0
87201671,0,0,0,9.437819420783647,0.20442930153321975,675,563,0
86723143,0,0,0,5.127768313458263,0.2555366269165247,489,556,0
87197791,0,0,0,2.6399999999999997,0.06,212,308,0
6922000,0,0,0,0.5399999999999999,0,100,89,0
86738694,0,0,0,6.9,0.06,405,440,0
86895585,0,0,0,2.88,0,208,263,0
7185015,0,0,0,1.02,0.06,159,239,0
77287764,0,0,0,5.82,0.24,443,470,1
44197908,0,0,0,4.08,0.24,356,468,1
53151216,0,0,0,4.140000000000001,0.06,247,295,1
86736329,0,0,0,0.8999999999999999,0,150,152,1
33989295,0,0,0,0.3,0.06,156,241,1
77287764,0,0,0,6.24765478424015,0.16885553470919323,567,590,1
44197908,0,0,0,4.840525328330206,0.19699812382739212,489,604,1
53151216,0,0,0,3.3771106941838647,0.2532833020637899,436,485,1
86736329,0,0,0,1.7166979362101313,0.2814258911819888,377,451,1
33989295,0,0,0,1.2945590994371483,0.08442776735459662,265,288,1
87197791,0,0,0,4.587242026266416,0.028142589118198873,317,370,0
6922000,0,0,0,1.0412757973733584,0.028142589118198873,188,251,0
86738694,0,0,0,4.953095684803001,0.1125703564727955,366,396,0
7185015,0,0,0,1.604127579737336,0.028142589118198873,196,196,0
86895585,0,0,0,4.8123827392120075,0.16885553470919323,408,524,0
94155156,0,0,0,1.8370986920332937,0.1426872770511296,280,361,1
19672354,0,0,0,0.7312722948870393,0.0713436385255648,240,379,1
8712306,0,0,0,7.544589774078478,0.10701545778834722,607,582,1
100317750,0,0,0,5.243757431629013,0.2853745541022592,528,583,1
21265941,0,0,0,1.694411414982164,0.08917954815695602,271,376,1
93712171,0,0,0,1.1593341260404282,0.0356718192627824,180,252,0
26316691,0,0,0,5.921521997621879,0.1426872770511296,428,531,0
91931211,0,0,0,8.15101070154578,0.0713436385255648,541,578,0
92926005,0,0,0,3.0499405469678953,0,296,334,0
86840554,0,0,0,6.813317479191438,0.0713436385255648,444,520,0
93712171,0,0,0,0.7715582450832073,0.0453857791225416,221,171,1
26316691,0,0,0,5.173978819969743,0.3177004538577912,595,559,1
91931211,0,0,0,1.0438729198184569,0.0453857791225416,257,177,1
86840554,0,0,0,4.220877458396369,0.2723146747352496,466,448,1
92926005,0,0,0,3.177004538577912,0.0907715582450832,427,360,1
94155156,0,0,0,1.2254160363086233,0.0453857791225416,144,157,0
100317750,0,0,0,5.264750378214826,0.0453857791225416,324,356,0
19672354,0,0,0,0.7715582450832073,0,141,180,0
8712306,0,0,0,2.5869894099848714,0,242,234,0
21265941,0,0,0,3.7216338880484114,0.1361573373676248,289,373,0
94155156,0,0,0,1.5293582157487482,0.16385980883022302,302,329,1
19672354,0,0,0,1.0377787892580792,0.16385980883022302,318,481,1
100317750,0,0,0,4.123805188893946,0.4642694583522986,568,628,1
8712306,0,0,0,5.134274010013654,0.05461993627674101,435,497,1
21265941,0,0,0,4.533454710969504,0.13654984069185253,472,450,1
93712171,0,0,0,0.4915794264906691,0.08192990441511151,172,184,0
26316691,0,0,0,5.4073736913973605,0.027309968138370506,453,455,0
91931211,0,0,0,5.025034137460173,0.10923987255348203,394,295,0
86840554,0,0,0,3.8507055075102414,0.08192990441511151,324,360,0
92926005,0,0,0,1.0650887573964498,0.13654984069185253,243,255,0
82262664,0,0,0,3.9733206288708907,0.057170080990948065,296,343,0
86799300,0,0,0,4.144830871843735,0.1715102429728442,346,411,0
37105332,0,0,0,0.828966174368747,0.057170080990948065,167,178,0
21289303,0,0,0,8.375416865173891,0.0857551214864221,533,571,0
31078647,0,0,0,1.657932348737494,0.057170080990948065,232,239,0
43276219,0,0,0,0.22868032396379226,0.057170080990948065,210,248,1
41288955,0,0,0,0.14292520247737017,0.11434016198189613,243,384,1
41231571,0,0,0,4.2591710338256314,0.14292520247737017,453,488,1
101495620,0,0,0,8.604097189137685,0.28585040495474034,885,697,1
51068005,0,0,0,6.08861362553597,0.057170080990948065,490,559,1
43276219,0,0,0,0.728218465539662,0.05201560468140442,231,235,1
41288955,0,0,0,0.6241872561768531,0.07802340702210664,254,322,1
41231571,0,0,0,6.449934980494148,0.10403120936280884,463,530,1
101495620,0,0,0,10.143042912873861,0.2340702210663199,760,744,1
51068005,0,0,0,4.395318595578674,0.2340702210663199,613,544,1
82262664,0,0,0,1.482444733420026,0,202,214,0
86799300,0,0,0,6.111833550065019,0.1820546163849155,468,542,0
31078647,0,0,0,0.6762028608582575,0.02600780234070221,195,263,0
37105332,0,0,0,1.0403120936280883,0.02600780234070221,197,212,0
21289303,0,0,0,9.07672301690507,0.2340702210663199,637,647,0
89137399,0,0,0,2.4556962025316453,0.05063291139240506,304,397,1
89269794,0,0,0,2,0.10126582278481013,330,387,1
86750262,0,0,0,2.9367088607594938,0.22784810126582278,400,481,1
87201671,0,0,0,8.556962025316455,0.37974683544303794,811,820,1
86723143,0,0,0,4.6835443037974684,0.22784810126582278,453,514,1
93712171,0,0,0,0.6075949367088608,0.05063291139240506,175,289,0
26316691,0,0,0,6.506329113924051,0.2531645569620253,499,635,0
86840554,0,0,0,4.8354430379746836,0.1518987341772152,412,674,0
92926005,0,0,0,1.7721518987341773,0.12658227848101264,232,292,0
91931211,0,0,0,0.5063291139240506,0.0759493670886076,159,207,0
82262664,0,0,0,1.1122554067971164,0.03089598352214212,277,250,1
86799300,0,0,0,5.252317198764161,0.4325437693099897,577,557,1
21289303,0,0,0,5.005149330587024,0.03089598352214212,543,430,1
37105332,0,0,0,0.5561277033985582,0.06179196704428424,237,198,1
31078647,0,0,0,2.996910401647786,0.12358393408856848,367,349,1
43276219,0,0,0,1.4212152420185376,0.06179196704428424,216,200,0
101495620,0,0,0,5.190525231719876,0.03089598352214212,362,355,0
41288955,0,0,0,1.513903192584964,0.09268795056642636,216,225,0
41231571,0,0,0,4.819773429454171,0.15447991761071062,392,427,0
51068005,0,0,0,2.6261585993820806,0.09268795056642636,311,338,0
16317795,0,0,0,1.289002557544757,0.030690537084398974,274,272,1
99715696,0,0,0,8.37851662404092,0.4296675191815857,782,747,1
84853828,0,0,0,1.8107416879795397,0.36828644501278773,449,536,1
102304762,0,0,0,0.7365728900255755,0.1534526854219949,337,417,1
28182837,0,0,0,3.89769820971867,0.1534526854219949,410,457,1
4281729,0,0,0,3.5294117647058822,0.1227621483375959,305,327,0
86767617,0,0,0,1.19693094629156,0.030690537084398974,173,145,0
98151311,0,0,0,2.762148337595908,0,237,295,0
9230085,0,0,0,2.1483375959079285,0.09207161125319693,233,270,0
113634288,0,0,0,1.50383631713555,0.1227621483375959,222,249,0
93712171,0,0,0,0.9870740305522915,0.07050528789659224,233,230,1
26316691,0,0,0,5.029377203290247,0.1410105757931845,505,578,1
91931211,0,0,0,6.298472385428907,0.21151586368977673,627,696,1
92926005,0,0,0,2.491186839012926,0.1410105757931845,519,522,1
86840554,0,0,0,3.5487661574618095,0.2585193889541716,458,520,1
89137399,0,0,0,1.6686251468860165,0.07050528789659224,196,332,0
89269794,0,0,0,2.444183313748531,0,187,247,0
86750262,0,0,0,2.9612220916568743,0.11750881316098709,296,445,0
87201671,0,0,0,6.721504112808461,0.282021151586369,476,689,0
86723143,0,0,0,3.290246768507638,0.18801410105757932,305,519,0
87177591,0,0,0,4.7514450867052025,0.7630057803468209,758,699,1
87360406,0,0,0,0.5895953757225434,0.10404624277456648,369,538,1
85805514,0,0,0,4.61271676300578,0.17341040462427745,482,558,1
44463405,0,0,0,0.9017341040462428,0.13872832369942198,338,400,1
87276347,0,0,0,4.994219653179191,0.17341040462427745,548,603,1
20237599,0,0,0,4.578034682080925,0.10404624277456648,364,549,0
26863344,0,0,0,4.23121387283237,0.10404624277456648,310,325,0
26682464,0,0,0,3.5722543352601157,0.06936416184971099,262,319,0
25907144,0,0,0,1.6647398843930636,0.06936416184971099,217,296,0
88271237,0,0,0,2.9826589595375723,0.17341040462427745,305,405,0
89137399,0,0,0,1.436950146627566,0.1466275659824047,304,340,1
89269794,0,0,0,1.7008797653958945,0.1466275659824047,354,434,1
87201671,0,0,0,8.035190615835777,0.32258064516129037,736,773,1
86750262,0,0,0,3.1378299120234607,0.17595307917888564,396,415,1
86723143,0,0,0,2.7565982404692084,0.23460410557184752,419,459,1
93712171,0,0,0,1.436950146627566,0.08797653958944282,231,308,0
26316691,0,0,0,2.5513196480938416,0.20527859237536658,301,423,0
92926005,0,0,0,1.1436950146627567,0.23460410557184752,294,306,0
86840554,0,0,0,2.7859237536656893,0.11730205278592376,282,349,0
91931211,0,0,0,1.2903225806451615,0,172,211,0
87278757,0,0,0,3.210412147505423,0.2603036876355748,375,286,1
89625472,0,0,0,4.078091106290672,0.08676789587852494,454,406,1
70388657,0,0,0,2.733188720173536,0.1735357917570499,372,385,1
89326318,0,0,0,5.206073752711497,0.08676789587852494,451,502,1
101179077,0,0,0,1.6919739696312364,0.3036876355748373,343,275,1
94155156,0,0,0,0.2603036876355748,0.04338394793926247,111,95,0
19672354,0,0,0,0.2603036876355748,0,113,127,0
8712306,0,0,0,4.38177874186551,0.04338394793926247,310,394,0
100317750,0,0,0,2.5162689804772236,0.04338394793926247,225,161,0
21265941,0,0,0,3.6008676789587852,0.08676789587852494,275,305,0
94155156,0,0,0,0.5633802816901409,0,109,106,0
19672354,0,0,0,0.676056338028169,0.11267605633802817,156,192,0
100317750,0,0,0,6.140845070422535,0.11267605633802817,419,357,0
8712306,0,0,0,2.535211267605634,0,201,197,0
21265941,0,0,0,2.7605633802816905,0,216,283,0
87278757,0,0,0,2.1126760563380285,0.028169014084507043,294,360,1
89625472,0,0,0,7.633802816901408,0.28169014084507044,685,640,1
70388657,0,0,0,6.929577464788732,0.19718309859154928,524,635,1
101179077,0,0,0,1.267605633802817,0.11267605633802817,276,324,1
89326318,0,0,0,3.183098591549296,0,320,322,1
89137399,0,0,0,0.7117181883537024,0.043134435657800146,145,204,0
89269794,0,0,0,3.299784327821711,0.2156721782890007,347,632,0
86750262,0,0,0,3.01941049604601,0.10783608914450035,265,307,0
87201671,0,0,0,9.575844716031632,0.0647016534867002,568,510,0
86723143,0,0,0,4.2703091301222145,0.10783608914450035,365,449,0
20237599,0,0,0,8.130841121495326,0.2588066139468008,648,688,1
26863344,0,0,0,6.362329259525522,0.2372393961179008,575,706,1
16769223,0,0,0,5.650611071171819,0.15097052480230053,504,662,1
26682464,0,0,0,0.9920920201294032,0.043134435657800146,198,200,1
25907144,0,0,0,1.186196980589504,0.08626887131560029,300,529,1
20237599,0,0,0,5.813270698766882,0.24662360540223133,508,551,1
26863344,0,0,0,4.580152671755726,0.14092777451556077,416,467,1
26682464,0,0,0,1.7968291250733999,0.10569583088667059,302,368,1
16769223,0,0,0,4.685848502642395,0.31708749266001174,481,576,1
25907144,0,0,0,2.0786846741045215,0.10569583088667059,344,347,1
89137399,0,0,0,0.9864944216089253,0.10569583088667059,187,210,0
89269794,0,0,0,3.382266588373459,0.03523194362889019,256,217,0
86750262,0,0,0,4.0164415736934815,0.03523194362889019,354,437,0
87201671,0,0,0,3.170874926600117,0.17615971814445097,315,376,0
86723143,0,0,0,4.932472108044627,0.03523194362889019,355,346,0
82262664,0,0,0,1.108829568788501,0.12320328542094457,314,345,1
86799300,0,0,0,5.174537987679671,0.3080082135523614,587,527,1
21289303,0,0,0,7.761806981519507,0.18480492813141686,690,633,1
37105332,0,0,0,1.4476386036960986,0.09240246406570843,326,265,1
31078647,0,0,0,3.11088295687885,0.12320328542094457,408,451,1
41470731,0,0,0,0.5236139630390143,0.03080082135523614,128,171,0
1185644,0,0,0,4.034907597535934,0.03080082135523614,278,361,0
67601693,0,0,0,3.942505133470226,0.06160164271047228,291,409,0
30237211,0,0,0,3.8193018480492813,0.06160164271047228,300,352,0
86715129,0,0,0,0.3080082135523614,0.09240246406570843,131,153,0
86738694,0,0,0,3.7138927097661623,0.16506189821182943,336,439,1
19811260,0,0,0,5.034387895460798,0.08253094910591471,404,472,1
91847481,0,0,0,4.044016506189821,0.4126547455295736,456,374,1
86043086,0,0,0,2.723521320495186,0.16506189821182943,238,181,1
20771881,0,0,0,0.9903713892709766,0.24759284731774414,244,323,1
3916428,0,0,0,2.723521320495186,0,205,297,0
106781506,0,0,0,0.08253094910591471,0,82,83,0
25175582,0,0,0,3.6313617606602477,0.08253094910591471,258,300,0
65782028,0,0,0,1.7331499312242091,0,159,143,0
79252435,0,0,0,0.16506189821182943,0,82,71,0
89137399,0,0,0,3.0548926014319813,0.16706443914081145,419,589,1
89269794,0,0,0,1.837708830548926,0.16706443914081145,322,437,1
86750262,0,0,0,3.914081145584725,0.26252983293556087,453,570,1
87201671,0,0,0,8.353221957040573,0.35799522673031026,733,778,1
86723143,0,0,0,3.60381861575179,0.09546539379474941,415,493,1
20237599,0,0,0,6.372315035799523,0.26252983293556087,531,624,0
26863344,0,0,0,2.79236276849642,0.04773269689737471,245,295,0
16769223,0,0,0,4.916467780429594,0.16706443914081145,411,640,0
26682464,0,0,0,1.5751789976133652,0.07159904534606205,220,270,0
25907144,0,0,0,2.6730310262529833,0.26252983293556087,352,427,0
87278757,0,0,0,3.0473751600512164,0.15364916773367476,431,515,1
89625472,0,0,0,4.99359795134443,0.28169014084507044,524,510,1
70388657,0,0,0,3.4571062740076828,0.20486555697823305,400,509,1
107644273,0,0,0,1.1523687580025608,0.3072983354673495,364,483,1
89326318,0,0,0,4.250960307298335,0.15364916773367476,513,544,1
77287764,0,0,0,2.0742637644046096,0.28169014084507044,391,470,0
44197908,0,0,0,1.8437900128040972,0.12804097311139567,306,351,0
53151216,0,0,0,1.8950064020486557,0.10243277848911653,317,344,0
86736329,0,0,0,2.2535211267605635,0.25608194622279135,391,480,0
33989295,0,0,0,0.4609475032010243,0.20486555697823305,275,349,0
88655279,0,0,0,4.141546526867628,0.20969855832241152,396,488,0
53178236,0,0,0,3.1716906946264745,0.1310615989515072,350,438,0
34322358,0,0,0,1.494102228047182,0.02621231979030144,184,198,0
59837697,0,0,0,4.010484927916121,0.02621231979030144,290,317,0
91646642,0,0,0,4.718217562254259,0.02621231979030144,328,322,0
86717735,0,0,0,0.3145478374836173,0.02621231979030144,240,355,1
97590558,0,0,0,4.954128440366973,0.28833551769331583,514,598,1
43619695,0,0,0,4.980340760157274,0.10484927916120576,435,390,1
96005384,0,0,0,0.9174311926605504,0.05242463958060288,260,329,1
23883296,0,0,0,6.684141546526868,0.34076015727391873,663,597,1
77287764,0,0,0,5.23002421307506,0.1937046004842615,438,516,0
44197908,0,0,0,4.3825665859564165,0.1937046004842615,364,440,0
53151216,0,0,0,3.0750605326876514,0,249,274,0
86736329,0,0,0,2.2033898305084745,0.1694915254237288,275,338,0
33989295,0,0,0,2.2033898305084745,0.024213075060532687,245,197,0
87278757,0,0,0,2.639225181598063,0.07263922518159807,327,436,1
89625472,0,0,0,6.004842615012107,0.1937046004842615,524,558,1
70388657,0,0,0,6.004842615012107,0.12106537530266342,507,596,1
107644273,0,0,0,1.234866828087167,0.09685230024213075,259,327,1
89326318,0,0,0,3.583535108958838,0.12106537530266342,356,459,1
91646642,0,0,0,1.1397058823529411,0.11029411764705882,291,294,1
53178236,0,0,0,1.2132352941176472,0.1838235294117647,394,359,1
34322358,0,0,0,1.3970588235294117,0.07352941176470588,359,346,1
59837697,0,0,0,6.911764705882352,0.3676470588235294,710,817,1
88655279,0,0,0,3.3823529411764706,0.40441176470588236,516,580,1
87278757,0,0,0,1.3602941176470589,0.11029411764705882,189,225,0
89625472,0,0,0,5.588235294117647,0.11029411764705882,385,364,0
70388657,0,0,0,3.75,0.03676470588235294,272,330,0
89326318,0,0,0,3.1985294117647056,0,217,210,0
107644273,0,0,0,0.9558823529411764,0,150,168,0
